rotacion_mensual_prom,consumo_total_prom,costo_unitario,cluster,clase_rotacion
156.84798191396553,4446.958333333334,4.658333333333334,0,media
127.30170325208728,3790.8124999999995,25.0625,1,baja
4284.601968160005,131937.5,1.0,2,alta
